Release Date,Title,Budget,Domestic Gross,Worldwide Gross
"Apr 23, 2019",Avengers: Endgame,"400,000,000","858,373,000","2,797,800,564"
"May 20, 2011",Pirates of the Caribbean: On Stranger Tides,"379,000,000","241,071,802","1,045,713,802"
"Apr 22, 2015",Avengers: Age of Ultron,"365,000,000","459,005,868","1,395,316,979"
"Dec 16, 2015",Star Wars Ep. VII: The Force Awakens,"306,000,000","936,662,225","2,064,615,817"
"Apr 25, 2018",Avengers: Infinity War,"300,000,000","678,815,482","2,044,540,523"
"May 24, 2007",Pirates of the Caribbean: At Worldâs End,"300,000,000","309,420,425","960,996,492"
"Nov 13, 2017",Justice League,"300,000,000","229,024,295","655,945,209"
"Oct 6, 2015",Spectre,"300,000,000","200,074,175","879,500,760"
"Dec 18, 2019",Star Wars: The Rise of Skywalker,"275,000,000","515,202,542","1,072,848,487"
"May 23, 2018",Solo: A Star Wars Story,"275,000,000","213,767,512","393,151,347"
"Mar 7, 2012",John Carter,"263,700,000","73,058,679","282,778,100"
"Mar 23, 2016",Batman v Superman: Dawn of Justice,"263,000,000","330,360,194","872,395,091"
"Jul 11, 2019",The Lion King,"260,000,000","543,638,043","1,654,367,425"
"Nov 24, 2010",Tangled,"260,000,000","200,821,936","584,899,819"
"May 4, 2007",Spider-Man 3,"258,000,000","336,530,303","894,860,230"
"Apr 22, 2016",Captain America: Civil War,"250,000,000","408,084,349","1,151,918,521"
"Jul 15, 2009",Harry Potter and the Half-Blood Prince,"250,000,000","302,089,278","930,673,167"
"Dec 12, 2013",The Hobbit: The Desolation of Smaug,"250,000,000","258,241,522","959,358,436"
"Dec 10, 2014",The Hobbit: The Battle of the Five Armies,"250,000,000","255,119,788","941,560,732"
"Apr 7, 2017",The Fate of the Furious,"250,000,000","225,764,765","1,236,703,796"
"Sep 29, 2021",No Time to Die,"250,000,000","124,303,479","528,226,479"
"Dec 17, 2009",Avatar,"237,000,000","760,507,625","2,845,899,541"
"Jun 28, 2006",Superman Returns,"232,000,000","200,120,000","391,081,192"
"Jul 19, 2012",The Dark Knight Rises,"230,000,000","448,139,099","1,082,228,107"
"May 23, 2017",Pirates of the Caribbean: Dead Men Tell No Tales,"230,000,000","172,558,876","794,861,794"
"Nov 14, 2008",Quantum of Solace,"230,000,000","169,368,427","591,692,078"
"Apr 25, 2012",The Avengers,"225,000,000","623,357,910","1,515,100,211"
"Jul 6, 2006",Pirates of the Caribbean: Dead Manâs Chest,"225,000,000","423,315,812","1,066,179,725"
"Jun 14, 2013",Man of Steel,"225,000,000","291,045,518","667,999,518"
"May 16, 2008",The Chronicles of Narnia: Prince Caspian,"225,000,000","141,621,490","417,341,288"
"Jul 2, 2013",The Lone Ranger,"225,000,000","89,302,115","260,002,115"
"Jun 27, 2012",The Amazing Spider-Man,"220,000,000","262,030,663","757,890,267"
"Apr 11, 2012",Battleship,"220,000,000","65,233,400","313,477,717"
"Jun 20, 2017",Transformers: The Last Knight,"217,000,000","130,168,683","602,893,340"
"Jun 9, 2015",Jurassic World,"215,000,000","652,306,625","1,669,979,967"
"May 23, 2012",Men in Black 3,"215,000,000","179,020,854","654,213,485"
"Jun 24, 2009",Transformers: Revenge of the Fallen,"210,000,000","402,111,870","836,519,699"
"Jun 25, 2014",Transformers: Age of Extinction,"210,000,000","245,439,076","1,104,054,072"
"May 26, 2006",X-Men: The Last Stand,"210,000,000","234,362,462","459,260,946"
"May 14, 2010",Robin Hood,"210,000,000","105,487,148","322,459,006"
"Dec 14, 2005",King Kong,"207,000,000","218,080,025","550,517,357"
"Dec 7, 2007",The Golden Compass,"205,000,000","70,107,728","367,262,558"
"Aug 26, 2020",Tenet,"205,000,000","57,929,000","361,875,852"
"Feb 13, 2018",Black Panther,"200,000,000","700,059,566","1,336,494,321"
"Dec 18, 1997",Titanic,"200,000,000","659,363,944","2,207,986,545"
"Dec 13, 2017",Star Wars Ep. VIII: The Last Jedi,"200,000,000","620,181,382","1,331,635,141"
"Jun 15, 2018",Incredibles 2,"200,000,000","608,581,744","1,242,805,359"
"Dec 14, 2016",Rogue One: A Star Wars Story,"200,000,000","532,177,324","1,055,135,598"
"Jun 16, 2016",Finding Dory,"200,000,000","486,295,561","1,025,006,125"
"Jun 20, 2019",Toy Story 4,"200,000,000","434,038,008","1,073,080,329"
"Jun 18, 2010",Toy Story 3,"200,000,000","415,004,880","1,068,879,522"
"Apr 24, 2013",Iron Man 3,"200,000,000","408,992,272","1,215,392,272"
"Apr 28, 2017",Guardians of the Galaxy Vol 2,"200,000,000","389,813,101","869,113,101"
"Jun 30, 2004",Spider-Man 2,"200,000,000","373,524,485","794,697,557"
"Mar 4, 2010",Alice in Wonderland,"200,000,000","334,191,110","1,025,491,110"
"Oct 26, 2012",Skyfall,"200,000,000","304,360,277","1,110,526,981"
"Dec 11, 2012",The Hobbit: An Unexpected Journey,"200,000,000","303,003,568","1,014,938,545"
"Jun 21, 2013",Monsters University,"200,000,000","268,488,329","743,455,810"
"Mar 8, 2013",Oz the Great and Powerful,"200,000,000","234,770,996","490,359,051"
"May 21, 2014",X-Men: Days of Future Past,"200,000,000","233,921,534","747,862,775"
"Apr 16, 2014",The Amazing Spider-Man 2,"200,000,000","202,853,933","708,996,336"
"Jun 23, 2011",Cars 2,"200,000,000","191,450,875","560,155,383"
"Jul 7, 2021",Black Widow,"200,000,000","183,651,655","376,951,484"
"Jul 31, 2019",Fast & Furious Presents: Hobbs & Shaw,"200,000,000","173,956,935","760,381,706"
"Dec 17, 2010",Tron: Legacy,"200,000,000","172,062,763","399,866,199"
"Nov 12, 2009",2012,"200,000,000","166,112,167","757,677,748"
"Nov 14, 2018",Fantastic Beasts: The Crimes of Grindelwald,"200,000,000","159,555,901","651,280,475"
"May 21, 2009",Terminator Salvation,"200,000,000","125,322,469","365,491,792"
"Jun 17, 2011",Green Lantern,"200,000,000","116,601,172","219,535,492"
"May 28, 2010",Prince of Persia: Sands of Time,"200,000,000","90,759,676","336,359,676"
"Jun 5, 2019",Dark Phoenix,"200,000,000","65,845,974","246,356,895"
"Feb 28, 2020",Onward,"200,000,000","61,555,145","133,317,030"
"Dec 16, 2020",Wonder Woman 1984,"200,000,000","46,530,051","166,089,247"
"Sep 4, 2020",Mulan,"200,000,000",0,"69,965,374"
"Oct 28, 2021",Eternals,"200,000,000",0,0
"Jun 29, 2011",Transformers: Dark of the Moon,"195,000,000","352,390,543","1,123,794,079"
"Jun 2, 2017",The Mummy,"195,000,000","80,101,125","409,953,905"
"Feb 27, 2013",Jack the Giant Slayer,"195,000,000","65,187,603","197,687,603"
"Apr 1, 2015",Furious 7,"190,000,000","353,007,020","1,516,881,526"
"May 16, 2013",Star Trek Into Darkness,"190,000,000","228,778,661","467,381,584"
"Jun 19, 2013",World War Z,"190,000,000","202,706,711","531,861,650"
"May 10, 2013",The Great Gatsby,"190,000,000","144,840,419","353,640,419"
"Nov 6, 2009",Disneyâs A Christmas Carol,"190,000,000","137,855,863","315,709,697"
"Jul 11, 2013",Pacific Rim,"190,000,000","101,802,906","411,002,906"
"Nov 25, 2015",The Good Dinosaur,"187,500,000","123,087,120","333,771,037"
"May 2, 2008",Iron Man,"186,000,000","318,604,126","585,171,547"
"Jul 11, 2008",The Dark Knight,"185,000,000","533,720,947","998,615,789"
"May 22, 2008",Indiana Jones and the Kingdom of the Crystal Skull,"185,000,000","317,101,119","786,635,413"
"Jun 21, 2012",Brave,"185,000,000","237,282,182","554,606,532"
"Feb 23, 2017",Kong: Skull Island,"185,000,000","168,052,812","561,072,059"
"Jul 21, 2016",Star Trek Beyond,"185,000,000","158,848,340","335,673,708"
"Oct 17, 2019",Maleficent: Mistress of Evil,"185,000,000","113,929,605","489,346,495"
"Sep 29, 2017",Blade Runner 2049,"185,000,000","92,054,159","258,759,329"
"Oct 25, 2019",Terminator: Dark Fate,"185,000,000","62,253,077","250,372,367"
"Jul 28, 2021",The Suicide Squad,"185,000,000","55,800,219","167,384,656"
"May 22, 2019",Aladdin,"182,000,000","355,559,216","1,046,649,706"
"Oct 25, 2017",Thor: Ragnarok,"180,000,000","315,058,289","850,482,778"
"Dec 9, 2005","The Chronicles of Narnia: The Lion, the Witch a…","180,000,000","291,710,957","720,539,572"
"May 28, 2014",Maleficent,"180,000,000","241,407,328","758,536,735"
"Nov 14, 2016",Fantastic Beasts and Where to Find Them,"180,000,000","234,037,575","811,724,385"
"Jun 27, 2008",WALL-E,"180,000,000","223,808,164","532,508,025"
"Aug 10, 2007",Rush Hour 3,"180,000,000","140,125,968","256,585,882"
"Jun 27, 2016",The Legend of Tarzan,"180,000,000","126,643,061","348,902,025"
"Nov 23, 2011",Hugo,"180,000,000","73,864,507","180,047,784"
"Jul 20, 2017",Valerian and the City of a Thousand Planets,"180,000,000","40,479,370","215,098,356"
"Feb 6, 2015",Jupiter Ascending,"179,000,000","47,482,519","181,982,519"
"Jul 16, 2018",Mission: ImpossibleâFallout,"178,000,000","220,159,104","787,176,729"
"May 18, 2016",X-Men: Apocalypse,"178,000,000","155,442,489","542,537,546"
"Aug 9, 2018",The Meg,"178,000,000","145,443,742","527,370,715"
"May 28, 2014",Edge of Tomorrow,"178,000,000","100,206,256","367,028,980"
"Mar 6, 2019",Captain Marvel,"175,000,000","426,829,839","1,129,727,388"
"Apr 7, 2016",The Jungle Book,"175,000,000","364,001,123","953,554,418"
"Jun 12, 2015",Inside Out,"175,000,000","356,461,711","853,641,066"
"Jul 5, 2017",Spider-Man: Homecoming,"175,000,000","334,201,140","880,166,350"
"Aug 2, 2016",Suicide Squad,"175,000,000","325,100,054","745,744,980"
"May 28, 2009",Up,"175,000,000","293,004,164","731,463,377"
"Oct 27, 2017",Coco,"175,000,000","210,460,015","797,666,425"
"Nov 21, 2018",Ralph Breaks The Internet,"175,000,000","201,091,711","529,290,830"
"Mar 27, 2009",Monsters vs. Aliens,"175,000,000","198,351,526","381,687,380"
"Jun 16, 2017",Cars 3,"175,000,000","152,901,115","383,541,369"
"Aug 7, 2009",G.I. Joe: The Rise of Cobra,"175,000,000","150,201,498","302,469,017"
"Jun 30, 1999",Wild Wild West,"175,000,000","113,805,681","221,229,335"
"Aug 1, 2008",The Mummy: Tomb of the Dragon Emperor,"175,000,000","102,491,776","405,760,225"
"Jun 22, 2007",Evan Almighty,"175,000,000","100,289,690","174,131,329"
"Jul 28, 1995",Waterworld,"175,000,000","88,246,220","264,246,220"
"Jan 8, 2020",Dolittle,"175,000,000","77,047,065","251,409,960"
"May 11, 2017",King Arthur: Legend of the Sword,"175,000,000","39,175,066","139,630,336"
"Dec 6, 2013",47 Ronin,"175,000,000","38,362,475","151,716,815"
"Jun 6, 2018",Jurassic World: Fallen Kingdom,"170,000,000","417,719,760","1,308,334,005"
"Jul 31, 2014",Guardians of the Galaxy,"170,000,000","333,714,112","770,882,395"
"May 7, 2010",Iron Man 2,"170,000,000","312,433,331","621,156,389"
"Mar 28, 2014",Captain America: The Winter Soldier,"170,000,000","259,746,958","714,401,889"
"Jul 9, 2014",Dawn of the Planet of the Apes,"170,000,000","208,545,589","710,644,566"
"Nov 10, 2004",The Polar Express,"170,000,000","188,578,855","312,719,437"
"May 30, 2012",Snow White and the Huntsman,"170,000,000","155,136,755","401,021,746"
"Jul 1, 2003",Terminator 3: Rise of the Machines,"170,000,000","150,358,296","433,058,296"
"May 5, 2004",Van Helsing,"170,000,000","120,150,546","300,150,546"
"Mar 27, 2019",Dumbo,"170,000,000","114,766,307","353,166,307"
"May 29, 2019",Godzilla: King of the Monsters,"170,000,000","110,500,138","383,299,915"
"May 20, 2015",Tomorrowland,"170,000,000","93,436,322","206,627,518"
"Feb 1, 2019",Alita: Battle Angel,"170,000,000","85,838,210","401,900,040"
"May 20, 2016",Alice Through the Looking Glass,"170,000,000","77,042,381","276,928,112"
"May 21, 2010",Shrek Forever After,"165,000,000","238,736,787","756,244,673"
"Oct 24, 2016",Doctor Strange,"165,000,000","232,641,920","676,354,481"
"Oct 25, 2014",Big Hero 6,"165,000,000","222,527,828","649,657,407"
"Mar 26, 2010",How to Train Your Dragon,"165,000,000","217,581,232","494,870,992"
"Nov 1, 2012",Wreck-It Ralph,"165,000,000","189,412,677","496,511,521"
"Nov 5, 2014",Interstellar,"165,000,000","188,017,894","651,994,868"
"Jun 22, 2016",Independence Day: Resurgence,"165,000,000","103,144,286","384,169,424"
"Sep 15, 2021",Dune,"165,000,000","41,011,174","223,211,174"
"Jul 29, 2011",Cowboys and Aliens,"163,000,000","100,368,560","176,038,324"
"Mar 16, 2017",Beauty and the Beast,"160,000,000","504,014,165","1,255,080,655"
"Jun 27, 2019",Spider-Man: Far From Home,"160,000,000","390,532,085","1,131,113,066"
"Dec 6, 2018",Aquaman,"160,000,000","335,061,807","1,143,758,700"
"May 17, 2007",Shrek the Third,"160,000,000","322,719,944","807,330,936"
"Jul 16, 2010",Inception,"160,000,000","292,576,195","728,582,465"
"Nov 18, 2015",The Hunger Games: Mockingjay - Part 2,"160,000,000","281,723,902","648,986,787"
"May 17, 2013",Fast and Furious 6,"160,000,000","238,679,850","789,300,444"
"May 14, 2014",Godzilla,"160,000,000","200,676,069","529,076,069"
"Jun 3, 2011",X-Men: First Class,"160,000,000","146,408,305","355,408,305"
"Dec 25, 2008",The Curious Case of Benjamin Button,"160,000,000","127,509,326","329,631,958"
"Jul 14, 2010",The Sorcerer's Apprentice,"160,000,000","63,150,991","217,986,320"
"May 12, 2006",Poseidon,"160,000,000","60,674,817","181,674,817"
"May 25, 2016",Warcraft,"160,000,000","47,365,290","438,899,824"
"Nov 1, 2019",The Irishman,"159,000,000",0,"910,234"
"Sep 29, 2016",Deepwater Horizon,"156,000,000","61,433,527","122,603,824"
"Dec 10, 2010",The Chronicles of Narnia: The Voyage of the Daw…,"155,000,000","104,386,950","418,186,950"
"Mar 25, 2021",Godzilla vs. Kong,"155,000,000","100,563,133","467,826,620"
"Jun 24, 2015",Terminator: Genisys,"155,000,000","89,760,956","432,150,894"
"Mar 16, 2018",Pacific Rim: Uprising,"155,000,000","59,874,525","290,930,148"
"Nov 24, 2004",Alexander,"155,000,000","34,297,191","167,297,191"
"Jul 14, 2017",War for the Planet of the Apes,"152,000,000","146,880,162","489,592,267"
"May 25, 2001",Pearl Harbor,"151,500,000","198,539,855","449,239,853"
"Jul 2, 2007",Transformers,"151,000,000","319,246,193","708,272,592"
"Nov 20, 2019",Frozen II,"150,000,000","477,373,578","1,445,182,280"
"May 29, 2017",Wonder Woman,"150,000,000","412,563,408","818,058,221"
"Nov 22, 2013",Frozen,"150,000,000","400,953,009","1,265,767,173"
"Feb 10, 2016",Zootopia,"150,000,000","341,268,248","1,004,629,935"
"Jul 11, 2007",Harry Potter and the Order of the Phoenix,"150,000,000","292,137,260","940,743,940"
"Nov 18, 2005",Harry Potter and the Goblet of Fire,"150,000,000","290,201,752","891,320,084"
"May 15, 2003",The Matrix Reloaded,"150,000,000","281,553,689","738,576,929"
"Dec 14, 2007",I am Legend,"150,000,000","256,393,010","585,532,684"
"Jan 27, 2016",Moana,"150,000,000","248,757,044","634,965,560"
"Jul 1, 2008",Hancock,"150,000,000","227,946,274","624,234,272"
"Sep 1, 2021",Shang-Chi and the Legend of the Ten Rings,"150,000,000","221,518,980","416,376,015"
"Jul 15, 2005",Charlie and the Chocolate Factory,"150,000,000","206,459,076","475,825,484"
"Jun 29, 2007",Ratatouille,"150,000,000","206,445,654","626,549,695"
"Oct 30, 2013",Thor: The Dark World,"150,000,000","206,362,140","644,602,516"
"Jun 15, 2005",Batman Begins,"150,000,000","205,343,774","358,858,124"
"Jul 29, 2015",Mission: ImpossibleâRogue Nation,"150,000,000","195,042,377","688,858,992"
"Jul 18, 2017",Dunkirk,"150,000,000","190,068,280","519,452,014"
"Apr 29, 2011",Thor,"150,000,000","181,030,624","449,326,618"
"Nov 7, 2008",Madagascar: Escape 2 Africa,"150,000,000","180,174,880","599,680,774"
"May 1, 2009",X-Men Origins: Wolverine,"150,000,000","179,883,157","374,825,760"
"May 22, 2009",Night at the Museum: Battle of the Smithsonian,"150,000,000","177,243,721","402,231,063"
"May 26, 2011",Kung Fu Panda 2,"150,000,000","165,249,063","664,837,547"
"May 14, 2015",Mad Max: Fury Road,"150,000,000","153,636,354","367,457,874"
"May 3, 2019",PokÃ©mon: Detective Pikachu,"150,000,000","144,105,346","431,482,976"
"Nov 5, 2003",The Matrix Revolutions,"150,000,000","139,270,910","427,300,260"
"Mar 20, 2018",Ready Player One,"150,000,000","137,690,172","579,055,653"
"Nov 4, 2005",Chicken Little,"150,000,000","135,386,665","310,043,823"
"May 5, 2006",Mission: Impossible III,"150,000,000","133,501,348","399,387,745"
"May 15, 2009",Angels & Demons,"150,000,000","133,375,846","490,875,846"
"May 13, 2004",Troy,"150,000,000","133,298,577","483,152,040"
"Jul 1, 2010",The Last Airbender,"150,000,000","131,772,187","319,713,881"
"Nov 2, 2007",Bee Movie,"150,000,000","126,631,277","287,594,577"
"Jul 24, 2009",G-Force,"150,000,000","119,436,770","292,817,841"
"Nov 21, 2008",Bolt,"150,000,000","114,053,579","328,015,029"
"Mar 28, 2012",Wrath of the Titans,"150,000,000","83,670,083","305,270,083"
"Nov 16, 2007",Beowulf,"150,000,000","82,280,579","195,080,579"
"May 9, 2012",Dark Shadows,"150,000,000","79,727,149","238,202,668"
"Jun 28, 2013",White House Down,"150,000,000","73,103,784","205,440,387"
"Jul 14, 2021",Space Jam: A New Legacy,"150,000,000","70,528,072","144,166,446"
"Feb 12, 2010",The Wolfman,"150,000,000","62,189,884","142,634,358"
"Dec 15, 2016",The Great Wall,"150,000,000","45,157,105","334,486,852"
"Sep 25, 2015",Pan,"150,000,000","35,088,320","151,525,973"
"Mar 11, 2011",Mars Needs Moms,"150,000,000","21,392,758","39,549,758"
"Nov 12, 2021",Red Notice,"150,000,000",0,0
"Feb 3, 2022",Moonfall,"150,000,000",0,0
"Nov 3, 2006",Flushed Away,"149,000,000","64,665,672","179,357,126"
"Jun 8, 2012",Madagascar 3: Europe's Most Wanted,"145,000,000","216,391,482","746,921,271"
"Dec 14, 2011",Mission: ImpossibleâGhost Protocol,"145,000,000","209,397,903","694,713,230"
"Jun 5, 2014",How to Train Your Dragon 2,"145,000,000","177,002,924","614,586,270"
"Jun 16, 1999",Tarzan,"145,000,000","171,091,819","448,191,819"
"Feb 20, 2014",Mr. Peabody & Sherman,"145,000,000","111,506,430","269,806,430"
"Nov 20, 2012",Rise of the Guardians,"145,000,000","103,412,758","306,900,902"
"Apr 8, 2005",Sahara,"145,000,000","68,671,925","121,645,390"
"Jul 13, 2016",Ghostbusters,"144,000,000","128,350,574","229,008,658"
"Nov 22, 2002",Die Another Day,"142,000,000","160,942,139","431,942,139"
"Jul 9, 2003",Pirates of the Caribbean: The Curse of the Blac…,"140,000,000","305,410,819","654,310,819"
"May 8, 2009",Star Trek,"140,000,000","257,730,019","386,839,614"
"Jul 1, 1998",Armageddon,"140,000,000","201,578,182","554,600,000"
"Jul 3, 2002",Men in Black 2,"140,000,000","190,418,803","441,767,803"
"Jul 22, 2011",Captain America: The First Avenger,"140,000,000","176,654,505","370,569,776"
"Jan 23, 2016",Kung Fu Panda 3,"140,000,000","143,528,619","521,170,825"
"Jul 10, 1998",Lethal Weapon 4,"140,000,000","130,444,603","285,400,000"
"Mar 27, 2013",G.I. Joe: Retaliation,"140,000,000","122,523,060","375,740,705"
"Dec 5, 2003",The Last Samurai,"140,000,000","111,110,575","456,810,575"
"Dec 21, 2005",Fun With Dick And Jane,"140,000,000","110,550,000","203,018,919"
"Dec 5, 2014",Exodus: Gods and Kings,"140,000,000","65,014,513","268,314,513"
"Jun 30, 2016",The BFG,"140,000,000","55,483,770","199,646,680"
"Oct 3, 2019",Gemini Man,"140,000,000","48,546,770","166,623,705"
"Feb 24, 2016",Gods of Egypt,"140,000,000","31,153,464","138,836,756"
"May 27, 2022",Top Gun: Maverick,"140,000,000",0,0
"May 3, 2002",Spider-Man,"139,000,000","403,706,375","821,706,375"
"Mar 6, 2009",Watchmen,"138,000,000","107,509,799","186,976,250"
"Jul 29, 2005",Stealth,"138,000,000","32,116,746","76,416,746"
"Jun 13, 2008",The Incredible Hulk,"137,500,000","134,806,913","265,573,859"
"Jun 20, 2003",Hulk,"137,000,000","132,177,234","245,031,679"
"Jul 11, 2001",Final Fantasy: The Spirits Within,"137,000,000","32,131,830","85,131,830"
"Nov 14, 2012","The Twilight Saga: Breaking Dawn, Part 2","136,200,000","292,324,737","829,724,737"
"Mar 15, 2013",The Croods,"135,000,000","187,168,425","573,068,425"
"Dec 25, 2015",The Revenant,"135,000,000","183,637,894","532,938,302"
"Nov 19, 1999",The World is Not Enough,"135,000,000","126,930,660","361,730,660"
"Mar 4, 2011",Rango,"135,000,000","123,477,607","245,724,600"
"Nov 14, 2003",Master and Commander: The Far Side of the World,"135,000,000","93,926,386","212,912,137"
"Jul 17, 2013",Turbo,"135,000,000","83,028,130","286,896,578"
"Jun 2, 2016",Teenage Mutant Ninja Turtles: Out of the Shadows,"135,000,000","82,051,601","245,328,374"
"Nov 18, 2011",Happy Feet Two,"135,000,000","64,006,466","157,956,466"
"Jul 28, 2006",Miami Vice,"135,000,000","63,478,838","164,920,076"
"Oct 31, 2018",The Nutcracker and the Four Realms,"132,900,000","54,858,851","170,024,300"
"Jun 24, 2005",War of the Worlds,"132,000,000","234,280,354","606,836,535"
"Nov 26, 2014",Penguins of Madagascar,"132,000,000","83,350,911","366,942,531"
"Nov 15, 2013",The Hunger Games: Catching Fire,"130,000,000","424,668,047","864,868,047"
"May 31, 2004",Harry Potter and the Prisoner of Azkaban,"130,000,000","249,757,726","789,961,033"
"Aug 3, 2007",The Bourne Ultimatum,"130,000,000","227,471,070","444,043,396"
"Jul 3, 2018",Ant-Man and the Wasp,"130,000,000","216,648,740","623,144,660"
"Jun 6, 2008",Kung Fu Panda,"130,000,000","215,434,591","631,910,531"
"Jul 14, 2015",Ant-Man,"130,000,000","180,202,163","518,858,449"
"Mar 19, 2015",Home,"130,000,000","177,397,510","385,997,896"
"Dec 19, 2018",Mary Poppins Returns,"130,000,000","171,958,438","348,901,032"
"Oct 28, 2011",Puss in Boots,"130,000,000","149,260,504","554,987,477"
"Nov 5, 2010",Megamind,"130,000,000","148,415,853","321,887,208"
"Jul 18, 2003",Bad Boys II,"130,000,000","138,540,870","273,271,982"
"Mar 20, 2014",Rio 2,"130,000,000","131,538,435","492,846,291"
"Jul 23, 2010",Salt,"130,000,000","118,311,368","290,650,494"
"Mar 27, 2014",Noah,"130,000,000","101,200,044","352,831,065"
"Oct 28, 2011",The Adventures of Tintin,"130,000,000","77,591,831","373,993,951"
"May 31, 2013",After Earth,"130,000,000","60,522,097","251,499,665"
"Nov 26, 2008",Australia,"130,000,000","49,554,002","215,080,810"
"Jul 19, 2013",R.I.P.D.,"130,000,000","33,618,855","79,076,678"
"Jan 3, 2019",How to Train Your Dragon: The Hidden World,"129,000,000","160,799,505","522,747,474"
"Nov 18, 2011","The Twilight Saga: Breaking Dawn, Part 1","127,500,000","281,287,133","689,420,051"
"May 19, 2000",Dinosaur,"127,500,000","137,748,063","356,148,063"
"Feb 23, 2017",Logan,"127,000,000","226,277,068","614,202,315"
"Dec 18, 2014",Night at the Museum: Secret of the Tomb,"127,000,000","113,746,621","353,756,621"
"Jul 13, 2011",Harry Potter and the Deathly Hallows: Part II,"125,000,000","381,193,157","1,334,392,544"
"Nov 19, 2014",The Hunger Games: Mockingjay - Part 1,"125,000,000","337,135,885","766,575,131"
"Nov 15, 2001",Harry Potter and the Sorcererâs Stone,"125,000,000","317,871,467","965,054,122"
"Dec 4, 2019",Jumanji: The Next Level,"125,000,000","316,831,246","798,332,900"
"Nov 17, 2010",Harry Potter and the Deathly Hallows: Part I,"125,000,000","296,131,568","955,371,891"
"May 19, 2006",The Da Vinci Code,"125,000,000","217,536,138","767,820,459"
"Apr 30, 2003",X-Men 2,"125,000,000","214,949,694","406,348,630"
"Apr 21, 2011",Fast Five,"125,000,000","210,031,325","630,163,454"
"Aug 8, 2014",Teenage Mutant Ninja Turtles,"125,000,000","191,204,754","485,004,754"
"Dec 16, 2011",Sherlock Holmes: A Game of Shadows,"125,000,000","186,848,418","535,663,443"
"May 27, 2004",The Day After Tomorrow,"125,000,000","186,740,799","555,840,117"
"Mar 17, 2017",The Boss Baby,"125,000,000","175,003,033","527,965,936"
"Apr 1, 2010",Clash of the Titans,"125,000,000","163,214,888","493,214,888"
"Oct 12, 2016",Trolls,"125,000,000","153,707,064","343,242,613"
"May 19, 1998",Godzilla,"125,000,000","136,314,294","376,000,000"
"May 30, 2012",Prometheus,"125,000,000","126,477,084","402,448,265"
"Aug 10, 2012",The Bourne Legacy,"125,000,000","113,203,870","280,355,920"
"Jun 20, 1997",Batman & Robin,"125,000,000","107,325,195","238,317,814"
"Jul 5, 2018",Skyscraper,"125,000,000","68,420,120","304,868,961"
"Jan 3, 2020",The Call of the Wild,"125,000,000","62,342,368","107,360,936"
"Aug 3, 2012",Total Recall,"125,000,000","58,877,969","211,856,088"
"Dec 21, 2016",Assassinâs Creed,"125,000,000","54,647,948","240,759,682"
"Dec 29, 2016",Monster Trucks,"125,000,000","33,370,166","61,642,798"
"Aug 27, 1999",The 13th Warrior,"125,000,000","32,698,899","61,698,899"
"Nov 17, 2000",How the Grinch Stole Christmas,"123,000,000","260,348,825","345,445,403"
"May 24, 2000",Mission: Impossible 2,"120,000,000","215,409,889","549,588,516"
"Jun 30, 2000",The Perfect Storm,"120,000,000","182,618,434","328,711,434"
"Jul 20, 2016",Jason Bourne,"120,000,000","162,192,920","416,168,316"
"Jun 15, 2007",Fantastic Four: Rise of the Silver Surfer,"120,000,000","131,921,738","289,480,691"
"Nov 21, 2012",Life of Pi,"120,000,000","124,987,022","619,310,368"
"Feb 16, 2007",Ghost Rider,"120,000,000","115,802,596","229,545,589"
"Apr 9, 2018",Rampage,"120,000,000","101,028,233","427,947,217"
"Jun 27, 2003",Charlie's Angels: Full Throttle,"120,000,000","100,814,328","227,163,273"
"Aug 9, 2013",Elysium,"120,000,000","93,050,117","286,192,091"
"Apr 19, 2013",Oblivion,"120,000,000","89,107,235","287,916,633"
"Mar 24, 2017",Power Rangers,"120,000,000","85,364,450","142,531,552"
"Jul 19, 2002",Stuart Little 2,"120,000,000","64,956,806","166,000,000"
"Feb 12, 2014",RoboCop,"120,000,000","58,607,007","242,981,799"
"Jun 11, 2004",The Chronicles of Riddick,"120,000,000","57,712,751","107,212,751"
"Aug 5, 2015",The Fantastic Four,"120,000,000","56,117,548","167,849,187"
"May 9, 2008",Speed Racer,"120,000,000","43,945,766","93,394,462"
"Jul 22, 2005",The Island,"120,000,000","35,818,913","163,018,913"
"Dec 17, 2010",How Do You Know?,"120,000,000","30,212,620","49,628,177"
"Jun 23, 2010",Knight and Day,"117,000,000","76,423,035","258,751,370"
"Jan 25, 2021",Tang Ren Jie Tan An 3,"117,000,000",0,"699,084,069"
"Oct 2, 2018",Venom,"116,000,000","213,511,408","853,530,899"
"May 19, 1999",Star Wars Ep. I: The Phantom Menace,"115,000,000","474,544,677","1,027,044,677"
"May 19, 2005",Star Wars Ep. III: Revenge of the Sith,"115,000,000","380,270,577","848,998,877"
"May 16, 2002",Star Wars Ep. II: Attack of the Clones,"115,000,000","310,676,740","656,695,615"
"Nov 2, 2001","Monsters, Inc.","115,000,000","290,149,425","560,483,719"
"Jul 26, 2013",The Wolverine,"115,000,000","132,556,852","416,456,852"
"Feb 7, 1997",Danteâs Peak,"115,000,000","67,163,857","178,200,000"
"Apr 6, 2016",The Huntsman: Winterâs War,"115,000,000","48,003,015","165,149,302"
"Jun 14, 2002",Windtalkers,"115,000,000","40,914,068","77,628,265"
"Jul 4, 2008",AstÃ©rix aux Jeux Olympiques,"113,500,000","999,811","132,999,811"
"Dec 24, 2010",Gulliver's Travels,"112,000,000","42,779,261","232,017,848"
"Dec 8, 2017",Ferdinand,"111,000,000","84,410,380","289,838,913"
"May 11, 2018",Deadpool 2,"110,000,000","324,591,735","786,362,370"
"Oct 3, 2013",Gravity,"110,000,000","274,092,705","688,214,291"
"Dec 22, 2006",Night at the Museum,"110,000,000","250,863,268","579,446,407"
"Jun 10, 2005",Mr. and Mrs. Smith,"110,000,000","186,336,279","486,124,090"
"Sep 30, 2021",Venom: Let There be Carnage,"110,000,000","184,079,491","354,272,187"
"May 27, 2015",San Andreas,"110,000,000","155,190,832","456,258,539"
"Jul 29, 2011",The Smurfs,"110,000,000","142,614,158","563,749,323"
"Jun 27, 2007",Live Free or Die Hard,"110,000,000","134,529,403","382,288,147"
"Mar 18, 2015",The Divergent Series: Insurgent,"110,000,000","130,179,072","295,075,882"
"Dec 10, 2004",Ocean's Twelve,"110,000,000","125,531,634","362,989,076"
"Dec 19, 1997",Tomorrow Never Dies,"110,000,000","125,304,276","339,504,276"
"Jun 28, 2000",The Patriot,"110,000,000","113,330,342","215,300,000"
"Mar 7, 2014",300: Rise of an Empire,"110,000,000","106,580,051","330,780,051"
"Dec 17, 2004",The Aviator,"110,000,000","102,608,827","208,370,892"
"Dec 21, 2016",Passengers,"110,000,000","100,014,699","302,239,672"
"Jan 14, 2011",The Green Hornet,"110,000,000","98,780,042","229,155,503"
"Sep 21, 2016",Miss Peregrineâs Home for Peculiar Children,"110,000,000","87,242,834","295,986,876"
"Oct 7, 2011",Real Steel,"110,000,000","85,463,309","263,880,341"
"Jun 12, 2019",Men in Black: International,"110,000,000","80,001,807","253,020,464"
"Jun 11, 2010",The A-Team,"110,000,000","77,222,099","177,241,171"
"Jul 31, 2013",The Smurfs 2,"110,000,000","71,017,784","348,547,523"
"Mar 9, 2016",The Divergent Series: Allegiant,"110,000,000","66,184,051","172,022,517"
"Jun 12, 2009",The Taking of Pelham 123,"110,000,000","65,452,312","152,364,370"
"Oct 25, 2013",Ender's Game,"110,000,000","61,737,191","127,983,283"
"Apr 2, 2004",Home on the Range,"110,000,000","50,026,353","76,482,461"
"Jun 13, 1997",Speed 2: Cruise Control,"110,000,000","48,097,081","150,468,000"
"May 6, 2005",Kingdom of Heaven,"110,000,000","47,398,413","218,674,938"
"Mar 23, 2017",Ghost in the Shell,"110,000,000","40,563,557","167,910,690"
"Jun 16, 2004",Around the World in 80 Days,"110,000,000","24,004,159","72,004,159"
"Nov 21, 2003",The Cat in the Hat,"109,000,000","101,018,283","133,818,283"
"Dec 25, 2001",Ali,"109,000,000","58,183,966","87,683,966"
"Sep 30, 2015",The Martian,"108,000,000","228,433,663","655,111,538"
"Nov 20, 2016",Allied,"106,000,000","40,098,064","119,266,661"
"Jul 16, 2004","I, Robot","105,000,000","144,801,023","348,629,585"
"Dec 17, 1999",Stuart Little,"105,000,000","140,015,224","298,815,224"
"Nov 25, 2009",The Princess and the Frog,"105,000,000","104,400,899","270,997,378"
"Mar 7, 2008","10,000 B.C.","105,000,000","94,784,201","269,065,678"
"Jul 1, 2016",Ice Age: Collision Course,"105,000,000","64,063,008","402,156,682"
"Apr 27, 2001",Town & Country,"105,000,000","6,712,451","10,364,769"
"Sep 19, 2017",Kingsman: The Golden Circle,"104,000,000","100,234,838","408,803,696"
"Jun 9, 2000",Gone in 60 Seconds,"103,300,000","101,643,008","232,643,008"
"May 4, 2000",Gladiator,"103,000,000","187,683,805","456,435,588"
"May 23, 2013",The Hangover 3,"103,000,000","112,200,072","362,000,072"
"Mar 9, 2018",A Wrinkle in Time,"103,000,000","100,478,608","133,214,549"
"Jul 1, 2009",Public Enemies,"102,500,000","97,104,620","212,282,709"
"Nov 17, 2006",Casino Royale,"102,000,000","167,365,000","594,420,283"
"Jun 21, 2002",Minority Report,"102,000,000","132,024,714","358,824,714"
"Dec 13, 2018",Bumblebee,"102,000,000","127,195,589","465,195,589"
"Oct 26, 2012",Cloud Atlas,"102,000,000","27,108,272","130,673,154"
"Nov 15, 2002",Harry Potter and the Chamber of Secrets,"100,000,000","262,233,381","876,508,805"
"Jul 2, 1991",Terminator 2: Judgment Day,"100,000,000","203,464,105","515,390,883"
"Jun 16, 1995",Batman Forever,"100,000,000","184,031,112","336,529,144"
"Jul 27, 2001",Planet of the Apes,"100,000,000","180,011,740","362,211,740"
"Nov 19, 2004",National Treasure,"100,000,000","173,005,002","331,323,410"
"Dec 25, 2012",Django Unchained,"100,000,000","162,805,434","449,841,566"
"Dec 25, 2019",1917,"100,000,000","159,227,644","370,603,379"
"Dec 22, 2010",Little Fockers,"100,000,000","148,438,600","310,650,574"
"Jul 15, 1994",True Lies,"100,000,000","146,282,411","365,300,000"
"Nov 2, 2007",American Gangster,"100,000,000","130,164,645","267,985,456"
"Sep 18, 2009",Cloudy with a Chance of Meatballs,"100,000,000","124,870,275","236,827,677"
"Aug 6, 2010",The Other Guys,"100,000,000","119,219,978","170,936,470"
"Dec 17, 2004",Lemony Snicket's A Series of Unfortunate Events,"100,000,000","118,627,117","212,956,024"
"Dec 25, 2013",The Wolf of Wall Street,"100,000,000","116,949,183","389,918,903"
"May 24, 2013",Epic,"100,000,000","107,518,682","262,794,441"
"Jun 21, 1996",Eraser,"100,000,000","101,295,562","234,400,000"
"Jun 21, 1996",The Hunchback of Notre Dame,"100,000,000","100,138,851","325,500,000"
"Dec 15, 2000",The Emperor's New Groove,"100,000,000","89,630,573","169,630,573"
"Aug 15, 2012",The Expendables 2,"100,000,000","85,028,192","311,979,256"
"Oct 16, 2009",Where the Wild Things Are,"100,000,000","77,233,467","99,123,656"
"Dec 15, 2006",Eragon,"100,000,000","75,030,163","249,488,115"
"Jul 23, 2014",Hercules,"100,000,000","72,688,614","243,388,614"
"Dec 10, 2010",The Tourist,"100,000,000","67,631,157","278,731,369"
"Nov 24, 1999",End of Days,"100,000,000","66,889,043","212,026,975"
"Dec 25, 2019",Spies in Disguise,"100,000,000","66,757,013","165,138,481"
"Jun 11, 2004",The Stepford Wives,"100,000,000","59,475,623","96,150,482"
"Jun 8, 2007",Surfâs Up,"100,000,000","58,867,694","145,395,745"
"Dec 8, 2006",Blood Diamond,"100,000,000","57,377,916","171,377,916"
"Nov 7, 2019",Midway,"100,000,000","56,846,802","126,829,063"
"Sep 24, 2010",Legend of the Guardians: The Owls of Ga'Hoole,"100,000,000","55,675,313","139,716,717"
"Nov 7, 1997",Starship Troopers,"100,000,000","54,768,952","121,100,000"
"Jun 5, 2009",Land of the Lost,"100,000,000","49,438,370","69,548,641"
"Dec 18, 2003",Peter Pan,"100,000,000","48,417,850","95,255,485"
"Mar 15, 2019",Wonder Park,"100,000,000","45,216,793","115,112,118"
"Jul 23, 2004",Catwoman,"100,000,000","40,202,379","82,078,046"
"Aug 14, 2014",The Expendables 3,"100,000,000","39,322,544","209,461,378"
"Nov 27, 2002",Treasure Planet,"100,000,000","38,120,554","91,800,000"
"Mar 12, 2010",Green Zone,"100,000,000","35,497,337","97,523,020"
"Oct 13, 2017",Geostorm,"100,000,000","33,700,160","220,796,009"
"Dec 2, 2015",Point Break,"100,000,000","28,782,481","126,704,591"
"Dec 17, 2019",Cats,"100,000,000","27,166,770","75,486,351"
"Nov 26, 2015",In the Heart of the Sea,"100,000,000","25,020,758","89,693,309"
"Apr 18, 2014",Transcendence,"100,000,000","23,022,309","103,039,258"
"Feb 18, 2005",Son of the Mask,"100,000,000","17,018,422","59,918,422"
"Dec 5, 2018",Mortal Engines,"100,000,000","15,951,040","85,480,271"
"Feb 3, 2021",Chaos Walking,"100,000,000","13,287,908","26,943,020"
"Aug 16, 2002",The Adventures of Pluto Nash,"100,000,000","4,411,102","7,094,995"
"Jan 20, 2012",Jin lÃ­ng shÃ­ san chai,"100,000,000","311,434","98,227,017"
"Jun 12, 2020",Artemis Fowl,"100,000,000",0,0
"Nov 5, 2015",The Peanuts Movie,"99,000,000","130,178,411","250,091,610"
"Feb 6, 2019",The LEGO Movie 2: The Second Part,"99,000,000","105,806,508","190,131,036"
"Nov 21, 2018",Robin Hood,"99,000,000","30,824,628","85,210,012"
"May 4, 2001",The Mummy Returns,"98,000,000","202,007,640","435,040,395"
"Nov 14, 2019",Ford v. Ferrari,"97,600,000","117,624,357","224,418,748"
"Dec 20, 2002",Gangs of New York,"97,000,000","77,730,500","183,124,621"
"May 4, 2017",Alien: Covenant,"97,000,000","74,262,031","238,521,247"
"Mar 6, 2015",Cinderella,"95,000,000","201,151,353","542,351,353"
"Jun 27, 2012",Ice Age: Continental Drift,"95,000,000","161,321,843","879,765,137"
"Dec 28, 2001",Black Hawk Down,"95,000,000","108,638,745","159,691,085"
"May 27, 2010",Sex and the City 2,"95,000,000","95,347,692","294,680,778"
"Feb 12, 2010",Percy Jackson & the Olympians: The Lightning Thief,"95,000,000","88,768,303","223,050,874"
"Aug 10, 2012",The Campaign,"95,000,000","86,907,746","104,907,746"
"Nov 12, 2010",Unstoppable,"95,000,000","81,562,942","165,720,921"
"May 9, 1997",The Fifth Element,"95,000,000","63,570,862","263,898,761"
"Mar 31, 2000",The Road to El Dorado,"95,000,000","50,802,661","65,700,000"
"Dec 11, 2009",The Lovely Bones,"95,000,000","44,114,232","94,894,448"
"Jun 30, 2016",Ben-Hur,"95,000,000","26,410,477","91,669,648"
"Dec 19, 2014",Seventh Son,"95,000,000","17,725,785","108,874,967"
"May 30, 2003",Finding Nemo,"94,000,000","380,529,370","936,094,852"
"Dec 17, 2003",The Lord of the Rings: The Return of the King,"94,000,000","377,845,905","1,120,214,046"
"Dec 18, 2002",The Lord of the Rings: The Two Towers,"94,000,000","342,548,984","919,148,764"
"Jun 15, 2001",Lara Croft: Tomb Raider,"94,000,000","131,144,183","273,330,185"
"Jan 29, 2015",Kingsman: The Secret Service,"94,000,000","128,261,724","404,561,724"
"Dec 19, 2001",The Lord of the Rings: The Fellowship of the Ring,"93,000,000","315,544,750","891,216,824"
"Jul 18, 2001",Jurassic Park III,"93,000,000","181,166,115","365,900,000"
"Aug 5, 2011",Rise of the Planet of the Apes,"93,000,000","176,760,185","470,986,200"
"Feb 14, 2008",The Spiderwick Chronicles,"92,500,000","71,195,053","162,839,667"
"Oct 22, 2004",The Incredibles,"92,000,000","261,441,092","631,441,092"
"Feb 6, 2013",A Good Day to Die Hard,"92,000,000","67,349,198","304,249,198"
"Apr 9, 2004",The Alamo,"92,000,000","22,406,362","23,911,362"
"Dec 22, 1995",Cutthroat Island,"92,000,000","10,017,322","18,517,322"
"Dec 19, 2013",The Secret Life of Walter Mitty,"91,000,000","58,236,838","187,861,183"
"Dec 20, 2017",Jumanji: Welcome to the Jungle,"90,000,000","404,508,916","961,613,199"
"Jul 1, 1997",Men in Black,"90,000,000","250,690,539","587,790,539"
"Nov 19, 1999",Toy Story 2,"90,000,000","245,852,179","511,358,276"
"Aug 3, 2001",Rush Hour 2,"90,000,000","226,164,286","347,425,832"
"Dec 25, 2009",Sherlock Holmes,"90,000,000","209,028,679","498,438,212"
"Jan 15, 2020",Bad Boys For Life,"90,000,000","204,417,855","424,536,881"
"Jul 1, 2009",Ice Age: Dawn of the Dinosaurs,"90,000,000","196,573,705","886,686,817"
"Dec 12, 2018",Spider-Man: Into The Spider-Verse 3D,"90,000,000","190,173,195","375,654,619"
"Jul 21, 2000",What Lies Beneath,"90,000,000","155,464,351","288,693,989"
"Feb 13, 2020",Sonic The Hedgehog,"90,000,000","146,066,470","304,961,681"
"Apr 8, 2011",Rio,"90,000,000","143,619,809","487,519,809"
"Jul 24, 2019",Once Upon a Timeâ¦in Hollywood,"90,000,000","142,502,728","377,562,039"
"Oct 6, 2006",The Departed,"90,000,000","132,384,315","289,660,619"
"Nov 3, 2000",Charlie's Angels,"90,000,000","125,305,545","259,736,090"
"Jun 19, 1998",Mulan,"90,000,000","120,620,254","303,500,000"
"Aug 13, 2008",Tropic Thunder,"90,000,000","110,515,313","191,145,256"
"Dec 20, 2011",The Girl with the Dragon Tattoo,"90,000,000","102,515,793","239,373,970"
"Jul 11, 1997",Contact,"90,000,000","100,920,329","165,900,000"
"Jun 6, 2008",You Don't Mess With the Zohan,"90,000,000","100,018,837","202,910,991"
"May 19, 1995",Die Hard: With a Vengeance,"90,000,000","100,012,499","366,101,666"
"Sep 12, 2016",The Magnificent Seven,"90,000,000","93,432,655","162,136,124"
"Dec 18, 2015",Alvin and the Chipmunks: The Road Chip,"90,000,000","85,886,987","249,517,956"
"Jun 8, 2001",Atlantis: The Lost Empire,"90,000,000","84,052,762","186,049,020"
"Dec 25, 2008",Valkyrie,"90,000,000","83,107,829","203,932,174"
"Jul 16, 2015",Pixels,"90,000,000","78,765,986","244,041,804"
"Jun 29, 2001",Artificial Intelligence: AI,"90,000,000","78,616,689","235,900,000"
"Nov 26, 2003",The Haunted Mansion,"90,000,000","75,817,994","155,750,628"
"Aug 4, 2000",Hollow Man,"90,000,000","73,209,340","191,200,000"
"Apr 22, 2005",The Interpreter,"90,000,000","72,708,161","162,753,837"
"Aug 7, 2013",Percy Jackson: Sea of Monsters,"90,000,000","68,559,554","200,859,554"
"Jul 25, 2003",Lara Croft: Tomb Raider: The Cradle of Life,"90,000,000","65,653,758","157,092,943"
"May 27, 2016",Now You See Me 2,"90,000,000","65,075,540","328,325,007"
"Nov 21, 2001",Spy Game,"90,000,000","62,362,560","143,049,560"
"Apr 4, 1997",The Saint,"90,000,000","61,363,304","169,400,000"
"Mar 10, 2000",Mission to Mars,"90,000,000","60,874,615","106,000,000"
"Mar 6, 2018",Tomb Raider,"90,000,000","58,250,803","273,477,501"
"Dec 17, 1999",Bicentennial Man,"90,000,000","58,220,776","87,420,776"
"Jul 7, 2004",King Arthur,"90,000,000","51,877,963","203,653,524"
"Apr 25, 1997",Volcano,"90,000,000","47,546,796","120,100,000"
"Mar 26, 1997",The Devil's Own,"90,000,000","42,885,593","140,900,000"
"Jul 19, 2002",K-19: The Widowmaker,"90,000,000","35,168,966","65,716,126"
"Aug 19, 2011",Conan the Barbarian,"90,000,000","21,295,021","63,356,133"
"Oct 21, 2011",The Three Musketeers,"90,000,000","20,377,913","139,877,913"
"Apr 21, 2017",The Promise,"90,000,000","8,224,288","10,551,417"
"Nov 24, 2010",The Nutcracker in 3D,"90,000,000","195,459","20,466,016"
"Dec 13, 2017",Bright,"90,000,000",0,0
"May 14, 2021",Army of the Dead,"90,000,000",0,0
"May 10, 1996",Twister,"88,000,000","241,688,385","495,700,000"
"Jun 3, 2005",Cinderella Man,"88,000,000","61,649,911","105,021,488"
"Sep 11, 2018",The Predator,"88,000,000","51,024,708","159,487,563"
"Jul 21, 2021",Snake Eyes: G.I. Joe Origins,"88,000,000","28,264,325","32,951,121"
"Jul 8, 2005",Fantastic Four,"87,500,000","154,696,080","333,132,750"
"Feb 9, 2001",Hannibal,"87,000,000","165,092,266","350,100,280"
"Jul 25, 2003",Seabiscuit,"86,000,000","120,277,854","148,715,342"
"Dec 22, 2000",Cast Away,"85,000,000","233,632,142","427,230,516"
"Nov 17, 2006",Happy Feet,"85,000,000","198,000,317","385,000,317"
"Dec 7, 2001",Ocean's Eleven,"85,000,000","183,417,150","450,728,529"
"Jul 23, 2004",The Bourne Supremacy,"85,000,000","176,087,450","311,001,124"
"Jul 25, 1997",Air Force One,"85,000,000","172,956,409","315,268,353"
"Apr 2, 2009",Fast & Furious,"85,000,000","155,064,265","359,347,833"
"Mar 14, 2008",Horton Hears a Who,"85,000,000","154,529,439","299,477,886"
"Mar 21, 2014",Divergent,"85,000,000","150,947,895","276,014,965"
"Sep 27, 2012",Hotel Transylvania,"85,000,000","148,313,048","378,229,134"
"Apr 3, 2019",Shazam!,"85,000,000","140,371,656","363,664,533"
"Nov 21, 2007",Enchanted,"85,000,000","127,706,877","340,384,141"
"Feb 8, 2012",Safe House,"85,000,000","126,181,630","207,884,401"
"Jul 20, 2007",I Now Pronounce You Chuck and Larry,"85,000,000","119,725,280","185,708,462"
"Jun 8, 2007",Ocean's Thirteen,"85,000,000","117,144,465","311,744,465"
"Dec 25, 2009",Itâs Complicated,"85,000,000","112,735,375","224,614,744"
"Nov 20, 1998",Enemy of the State,"85,000,000","111,549,836","250,649,836"
"Sep 29, 2006",Open Season,"85,000,000","85,105,259","191,932,158"
"Nov 4, 2011",Tower Heist,"85,000,000","78,046,570","150,422,946"
"Nov 22, 2000",102 Dalmatians,"85,000,000","66,941,559","66,941,559"
"Mar 15, 2012",Mirror Mirror,"85,000,000","64,935,167","173,613,482"
"Dec 8, 2006",The Holiday,"85,000,000","63,280,000","205,190,324"
"Jun 15, 2006",The Fast and the Furious: Tokyo Drift,"85,000,000","62,615,510","157,794,205"
"Dec 9, 2005",Memoirs of a Geisha,"85,000,000","57,010,853","161,510,853"
"Mar 16, 2001",Enemy at the Gates,"85,000,000","51,396,781","96,971,293"
"Jun 18, 1993",Last Action Hero,"85,000,000","50,016,394","137,298,489"
"Sep 26, 2003",The Rundown,"85,000,000","47,641,743","80,831,893"
"Nov 11, 2011",Arthur Christmas,"85,000,000","46,462,469","148,947,564"
"Jan 19, 2017",xXx: Return of Xander Cage,"85,000,000","44,898,413","345,033,359"
"Nov 13, 1998",Meet Joe Black,"85,000,000","44,650,003","44,650,003"
"Jul 30, 2010",Cats & Dogs: The Revenge of Kitty Galore,"85,000,000","43,585,753","113,026,383"
"Feb 8, 2002",Collateral Damage,"85,000,000","40,048,332","78,353,508"
"Mar 15, 2002",Showtime,"85,000,000","37,948,765","78,948,765"
"Jun 30, 1995",Judge Dredd,"85,000,000","34,687,912","113,487,912"
"Mar 2, 2007",Zodiac,"85,000,000","33,080,084","83,080,084"
"Aug 13, 2010",Scott Pilgrim vs. The World,"85,000,000","32,841,100","49,286,548"
"Mar 28, 2003",The Core,"85,000,000","31,111,260","74,120,792"
"May 9, 1997",Father's Day,"85,000,000","28,681,080","35,681,080"
"Dec 11, 2017",The Greatest Showman,"84,000,000","174,340,174","434,104,158"
"Jun 14, 2002",Scooby-Doo,"84,000,000","153,294,164","276,294,164"
"Jul 28, 2000",Nutty Professor II: The Klumps,"84,000,000","123,307,945","166,307,945"
"Jul 19, 2013",RED 2,"84,000,000","53,262,560","141,507,355"
"Jun 23, 2006",Click,"82,500,000","137,355,633","237,685,089"
"Dec 15, 2006",Charlotte\'s Web,"82,500,000","82,985,708","143,985,708"
"Feb 14, 2008",Jumper,"82,500,000","80,172,128","222,640,812"
"Jul 11, 2008",Hellboy II: The Golden Army,"82,500,000","75,986,503","160,388,063"
"May 27, 2005",The Longest Yard,"82,000,000","158,119,460","191,558,505"
"Aug 13, 2010",The Expendables,"82,000,000","103,068,524","268,268,174"
"Feb 5, 2020",Birds of Prey (And the Fantabulous Emancipation…,"82,000,000","84,158,461","201,852,140"
"Jul 1, 2021",The Boss Baby: Family Business,"82,000,000","57,300,280","128,014,280"
"Nov 17, 2000",The 6th Day,"82,000,000","34,543,701","96,024,898"
"May 23, 2003",Bruce Almighty,"81,000,000","242,704,995","484,468,608"
"Mar 8, 2012",The Hunger Games,"80,000,000","408,010,692","677,923,379"
"May 26, 2011",The Hangover Part II,"80,000,000","254,464,305","586,764,305"
"May 21, 1996",Mission: Impossible,"80,000,000","180,981,886","457,697,994"
"Feb 2, 2017",The Lego Batman Movie,"80,000,000","175,750,384","310,570,560"
"Sep 23, 2015",Hotel Transylvania 2,"80,000,000","169,700,110","469,500,298"
"Jun 18, 1992",Batman Returns,"80,000,000","162,833,635","266,824,291"
"May 24, 2019",The Secret Life of Pets 2,"80,000,000","158,874,395","446,275,938"
"May 7, 1999",The Mummy,"80,000,000","155,385,488","416,385,488"
"May 19, 2006",Over the Hedge,"80,000,000","155,019,340","343,397,247"
"Jun 21, 2002",Lilo & Stitch,"80,000,000","145,771,527","245,800,000"
"May 8, 1998",Deep Impact,"80,000,000","140,464,664","349,464,664"
"Jul 12, 2013",Grown Ups 2,"80,000,000","133,668,525","247,023,808"
"Dec 14, 2011",Alvin and the Chipmunks: Chipwrecked,"80,000,000","133,107,389","349,088,523"
"Jun 20, 2008",Get Smart,"80,000,000","130,319,208","226,739,416"
"Mar 11, 2005",Robots,"80,000,000","128,200,012","260,636,271"
"Feb 19, 2010",Shutter Island,"80,000,000","128,012,934","299,461,782"
"Dec 12, 2003",Something's Gotta Give,"80,000,000","124,685,242","266,685,242"
"Nov 26, 2008",Four Christmases,"80,000,000","120,146,040","168,311,558"
"Jun 27, 1997",Face/Off,"80,000,000","112,276,146","241,200,000"
"Dec 25, 2008",Bedtime Stories,"80,000,000","110,101,975","221,468,935"
"Jul 12, 2002",Road to Perdition,"80,000,000","104,054,514","183,354,514"
"Feb 11, 2011",Just Go With It,"80,000,000","103,028,109","214,974,953"
"Feb 14, 2003",Daredevil,"80,000,000","102,543,518","182,782,518"
"Sep 26, 2008",Eagle Eye,"80,000,000","101,440,743","180,585,259"
"Jun 6, 1997",Con Air,"80,000,000","101,117,573","224,117,573"
"Dec 17, 2010",Yogi Bear,"80,000,000","100,246,011","204,774,690"
"Dec 25, 2003",Cold Mountain,"80,000,000","95,632,614","165,173,909"
"Jan 15, 2010",The Book of Eli,"80,000,000","94,835,059","158,750,817"
"Nov 26, 1997",Flubber,"80,000,000","92,993,801","177,993,801"
"Jul 23, 1999",The Haunting,"80,000,000","91,188,905","180,188,905"
"Nov 15, 1996",Space Jam,"80,000,000","90,463,534","250,180,384"
"Oct 17, 2014",Fury,"80,000,000","85,817,906","210,315,681"
"Sep 21, 2018",Smallfoot,"80,000,000","83,240,103","213,682,073"
"Feb 10, 2006",The Pink Panther,"80,000,000","82,226,474","158,926,474"
"Jul 8, 2011",Zookeeper,"80,000,000","80,360,866","170,805,525"
"Dec 12, 2008",The Day the Earth Stood Still,"80,000,000","79,366,978","237,370,350"
"Aug 8, 1997",Conspiracy Theory,"80,000,000","76,118,990","142,783,718"
"Jun 12, 1998","Six Days, Seven Nights","80,000,000","74,339,294","164,800,000"
"May 24, 2002",Spirit: Stallion of the Cimarron,"80,000,000","73,215,310","106,515,310"
"Jun 8, 2001",Swordfish,"80,000,000","69,772,969","147,080,413"
"Dec 31, 1999",Fantasia 2000 (Theatrical Release),"80,000,000","69,610,858","69,618,634"
"Apr 3, 1998",Lost In Space,"80,000,000","69,117,629","136,047,317"
"Jul 30, 2004",The Manchurian Candidate,"80,000,000","65,948,711","96,135,872"
"Nov 22, 2006",DÃ©jÃ  Vu,"80,000,000","64,038,616","181,038,616"
"Jun 24, 2005",Bewitched,"80,000,000","63,313,159","131,159,306"
"Dec 22, 2006",The Good Shepherd,"80,000,000","59,908,565","100,378,271"
"Mar 8, 2002",The Time Machine,"80,000,000","56,684,819","98,983,590"
"Oct 2, 1998",What Dreams May Come,"80,000,000","55,485,043","71,485,043"
"Dec 25, 1998",Mighty Joe Young,"80,000,000","50,632,037","50,632,037"
"Sep 19, 2019",Ad Astra,"80,000,000","50,188,370","135,432,019"
"Oct 28, 2005",The Legend of Zorro,"80,000,000","45,575,336","141,475,336"
"Nov 10, 2000",Little Nicky,"80,000,000","39,442,871","58,270,391"
"Sep 25, 2009",Surrogates,"80,000,000","38,577,772","119,668,350"
"Jun 8, 2001",Evolution,"80,000,000","38,311,134","98,341,932"
"Aug 26, 2005",The Brothers Grimm,"80,000,000","37,899,638","105,299,638"
"Dec 13, 1996",Mars Attacks!,"80,000,000","37,771,017","101,371,017"
"Apr 14, 2006",The Wild,"80,000,000","37,384,046","99,010,667"
"Dec 20, 2013",Walking with Dinosaurs,"80,000,000","36,076,121","123,368,842"
"Dec 22, 2000",Thirteen Days,"80,000,000","34,566,746","66,554,547"
"Dec 6, 1996",Daylight,"80,000,000","32,908,290","158,908,290"
"Oct 21, 2015",The Last Witch Hunter,"80,000,000","27,367,660","130,818,912"
"Feb 21, 2014",Pompeii,"80,000,000","23,169,033","108,469,033"
"May 12, 2000",Battlefield Earth: A Saga of the Year 3000,"80,000,000","21,471,685","29,725,663"
"Nov 14, 2003",Looney Tunes: Back in Action,"80,000,000","20,950,820","54,540,662"
"Dec 18, 2009",Nine,"80,000,000","19,676,965","56,984,219"
"Nov 26, 2003",Timeline,"80,000,000","19,480,739","26,703,184"
"Apr 22, 2010",Oceans,"80,000,000","19,422,319","86,787,530"
"Nov 25, 1998",Babe: Pig in the City,"80,000,000","18,319,860","69,131,860"
"Dec 25, 1997",The Postman,"80,000,000","17,650,704","20,841,123"
"Nov 10, 2000",Red Planet,"80,000,000","17,480,890","33,463,969"
"Jan 12, 2007",Arthur et les Minimoys,"80,000,000","15,132,763","113,325,743"
"Aug 17, 2007",The Invasion,"80,000,000","15,074,191","40,147,042"
"Sep 2, 2005",A Sound of Thunder,"80,000,000","1,900,451","6,300,451"
"Nov 1, 2019",The Aeronauts,"80,000,000",0,"6,628,720"
"Jun 15, 1994",The Lion King,"79,300,000","421,785,283","986,214,868"
"Feb 2, 2012",Journey 2: The Mysterious Island,"79,000,000","103,860,290","318,146,162"
"Nov 11, 2011",Jack and Jill,"79,000,000","74,158,157","150,519,217"
"Dec 21, 2001",A Beautiful Mind,"78,000,000","170,708,996","317,668,058"
"Sep 26, 2013",Cloudy with a Chance of Meatballs 2,"78,000,000","119,793,567","274,392,649"
"Oct 4, 2002",Red Dragon,"78,000,000","92,955,420","206,455,420"
"Mar 5, 2004",Hidalgo,"78,000,000","67,286,731","108,086,731"
"Jul 11, 2003",The League of Extraordinary Gentlemen,"78,000,000","66,465,204","179,265,204"
"Aug 20, 2004",Exorcist: The Beginning,"78,000,000","41,814,863","43,957,541"
"Oct 17, 2012",AstÃ©rix et ObÃ©lix: Au service de Sa MajestÃ© ,"77,600,000",0,"60,680,125"
"Jul 29, 2015",The Little Prince,"77,500,000","1,311,213","102,028,919"
"Sep 1, 2017",Renegades,"77,500,000",0,"1,521,672"
"Jul 18, 2018",The Equalizer 2,"77,000,000","102,084,362","190,376,181"
"Jun 26, 2013",Despicable Me 2,"76,000,000","368,065,385","975,216,835"
"Jun 6, 2003",2 Fast 2 Furious,"76,000,000","127,120,058","236,410,607"
"Dec 25, 2006",Children of Men,"76,000,000","35,552,383","69,845,011"
"Jun 30, 2000",The Adventures of Rocky & Bullwinkle,"76,000,000","26,000,610","35,129,610"
"May 8, 2016",The Secret Life of Pets,"75,000,000","368,384,330","885,302,500"
"Jul 2, 1996",Independence Day,"75,000,000","306,169,255","817,400,878"
"Nov 7, 2018",Dr. Seussâ The Grinch,"75,000,000","270,834,950","514,602,427"
"Nov 24, 2016",Sing,"75,000,000","270,329,045","632,483,611"
"Jun 14, 2017",Despicable Me 3,"75,000,000","264,624,300","1,032,596,894"
"May 22, 1997",The Lost World: Jurassic Park,"75,000,000","229,086,679","618,638,999"
"Mar 31, 2006",Ice Age: The Meltdown,"75,000,000","195,330,621","651,899,282"
"May 27, 2005",Madagascar,"75,000,000","193,595,521","556,559,566"
"Jun 25, 2010",Grown Ups,"75,000,000","162,001,186","272,223,000"
"Sep 20, 2004",Shark Tale,"75,000,000","161,412,000","371,741,123"
"Jul 14, 2000",X-Men,"75,000,000","157,299,717","296,872,367"
"Jun 27, 2008",Wanted,"75,000,000","134,508,551","342,416,460"
"Jun 7, 1996",The Rock,"75,000,000","134,069,511","336,069,511"
"Feb 13, 2004",50 First Dates,"75,000,000","120,776,832","196,320,329"
"Jul 18, 2018",Mamma Mia: Here We Go Again!,"75,000,000","120,634,935","399,228,127"
"Jul 20, 2007",Hairspray,"75,000,000","118,871,849","202,822,861"
"May 31, 2013",Now You See Me,"75,000,000","117,723,989","342,769,200"
"Dec 15, 2006",Dreamgirls,"75,000,000","103,365,956","155,620,350"
"Aug 3, 2018",Christopher Robin,"75,000,000","99,215,042","197,744,377"
"Jul 23, 1999",Inspector Gadget,"75,000,000","97,387,965","97,387,965"
"Nov 11, 2011",Immortals,"75,000,000","83,504,017","211,562,435"
"Jun 18, 2004",The Terminal,"75,000,000","77,073,959","218,673,959"
"Feb 18, 2005",Constantine,"75,000,000","75,976,178","221,593,554"
"Jul 21, 2006",Monster House,"75,000,000","73,661,010","141,267,370"
"Dec 8, 2000",Vertical Limit,"75,000,000","68,473,360","213,500,000"
"Dec 21, 2007",Charlie Wilsonâs War,"75,000,000","66,661,095","119,512,771"
"Apr 16, 1999",Life,"75,000,000","64,062,587","73,521,587"
"Sep 19, 2019",Abominable,"75,000,000","60,761,390","188,659,191"
"Mar 4, 2005",Be Cool,"75,000,000","55,849,401","94,944,017"
"Dec 23, 2005",Munich,"75,000,000","47,379,090","131,492,772"
"Jun 4, 2010",Killers,"75,000,000","47,059,963","95,572,749"
"Aug 12, 2015",The Man From U.N.C.L.E.,"75,000,000","45,445,109","108,517,735"
"Mar 7, 2003",Tears of the Sun,"75,000,000","43,632,458","85,632,458"
"Jul 21, 2006",Lady in the Water,"75,000,000","42,285,169","72,785,169"
"Dec 17, 2004",Spanglish,"75,000,000","42,044,321","54,344,321"
"Oct 12, 2001",Bandits,"75,000,000","41,523,271","71,523,271"
"Dec 17, 1999",Anna and the King,"75,000,000","39,251,128","39,251,128"
"Jul 7, 1995",First Knight,"75,000,000","37,361,412","127,361,412"
"Mar 25, 2011",Sucker Punch,"75,000,000","36,392,502","89,758,389"
"Mar 11, 2005",Hostage,"75,000,000","34,636,443","77,636,443"
"Oct 5, 2016",Inferno,"75,000,000","34,343,574","219,519,367"
"Jun 13, 2003",Hollywood Homicide,"75,000,000","30,207,785","50,409,753"
"Jun 16, 2000",Titan A.E.,"75,000,000","22,751,979","36,751,979"
"Dec 17, 2004",Flight of the Phoenix,"75,000,000","21,009,180","34,009,180"
"Oct 23, 1998",Soldier,"75,000,000","14,623,082","14,623,082"
"Jan 15, 1999",Virus,"75,000,000","14,010,690","30,626,690"
"Feb 23, 2001",Monkeybone,"75,000,000","5,409,517","5,409,517"
"Aug 7, 2019",PLAYMOBIL,"75,000,000","1,115,008","16,288,031"
"Jan 7, 2022",The 355,"75,000,000",0,0
"Jun 17, 2015",Minions,"74,000,000","336,045,770","1,159,631,140"
"Jan 28, 2015",The SpongeBob Movie: Sponge Out of Water,"74,000,000","162,994,032","311,013,181"
"Nov 22, 2000",Unbreakable,"73,243,106","94,999,143","248,099,143"
"Aug 4, 2006",Talladega Nights: The Ballad of Ricky Bobby,"73,000,000","148,213,377","162,870,525"
"May 11, 2016",The Angry Birds Movie,"73,000,000","107,509,366","352,327,887"
"Aug 7, 1998",Snake Eyes,"73,000,000","55,591,409","103,891,409"
"Feb 13, 1998",Sphere,"73,000,000","37,068,294","50,168,294"
"Jul 26, 2007",The Simpsons Movie,"72,500,000","183,135,014","527,071,022"
"Feb 8, 2008",Fool's Gold,"72,500,000","70,231,041","109,362,966"
"Jul 31, 2009",Funny People,"72,500,000","51,855,045","71,880,305"
"Sep 28, 2007",The Kingdom,"72,500,000","47,467,250","86,802,457"
"Jun 22, 2001",Dr. Dolittle 2,"72,000,000","112,950,721","176,101,721"
"May 24, 1995",Braveheart,"72,000,000","75,545,647","209,045,244"
"Nov 4, 2005",Jarhead,"72,000,000","62,647,540","96,947,540"
"Apr 27, 2001",Driven,"72,000,000","32,616,869","54,616,869"
"Dec 21, 2001",The Majestic,"72,000,000","27,796,042","37,306,334"
"Jun 25, 2004",Two Brothers,"72,000,000","19,176,754","62,176,754"
"Jul 30, 2004",The Village,"71,682,975","114,197,520","257,641,634"
"Jun 26, 1998",Doctor Dolittle,"71,500,000","144,156,605","294,156,605"
"Aug 2, 2002",Signs,"70,702,619","227,969,295","408,250,578"
"May 19, 2004",Shrek 2,"70,000,000","441,226,247","935,253,978"
"May 1, 2006",Cars,"70,000,000","244,082,982","461,630,558"
"Dec 23, 2009",Alvin and the Chipmunks: The Squeakquel,"70,000,000","219,614,612","443,483,213"
"Sep 4, 2019",It: Chapter Two,"70,000,000","211,593,228","469,566,806"
"Jun 22, 1988",Who Framed Roger Rabbit?,"70,000,000","154,112,492","351,500,000"
"Jul 30, 1999",Runaway Bride,"70,000,000","152,257,509","310,138,178"
"Aug 9, 2002",xXx,"70,000,000","141,930,000","267,200,000"
"Jun 8, 2018",Oceanâs 8,"70,000,000","140,218,711","297,718,711"
"Nov 8, 1996",Ransom,"70,000,000","136,492,681","308,700,000"
"Aug 21, 2009",Inglourious Basterds,"70,000,000","120,774,594","316,915,264"
"Dec 11, 1991",Hook,"70,000,000","119,654,823","300,854,823"
"Jul 3, 1990",Die Hard 2,"70,000,000","117,323,878","239,813,888"
"Aug 8, 2003",S.W.A.T.,"70,000,000","116,877,597","207,154,748"
"Nov 10, 2017",Daddyâs Home 2,"70,000,000","104,029,443","175,807,183"
"Nov 19, 1999",Sleepy Hollow,"70,000,000","101,068,340","207,068,340"
"Dec 14, 2001",Vanilla Sky,"70,000,000","100,614,858","202,726,605"
"Jun 13, 1997",Hercules,"70,000,000","99,112,101","250,700,000"
"Mar 20, 2013",Olympus Has Fallen,"70,000,000","98,927,592","172,878,928"
"Mar 11, 2011",Battle: Los Angeles,"70,000,000","83,552,429","213,463,976"
"Aug 13, 2004",AVP: Alien Vs. Predator,"70,000,000","80,281,096","172,543,519"
"Dec 25, 2011",War Horse,"70,000,000","79,883,359","156,815,529"
"Mar 1, 2002",We Were Soldiers,"70,000,000","78,120,196","114,658,262"
"Feb 7, 2014",The Monuments Men,"70,000,000","78,031,620","158,702,748"
"Sep 22, 2016",Storks,"70,000,000","72,679,278","183,353,431"
"Dec 11, 1998",Star Trek: Insurrection,"70,000,000","70,187,658","117,800,000"
"Dec 10, 2003",Big Fish,"70,000,000","66,432,867","123,954,323"
"Jun 17, 1994",Wolf,"70,000,000","65,011,757","131,011,757"
"Jan 20, 2012",Underworld: Awakening,"70,000,000","62,321,039","160,379,930"
"Sep 15, 2017",The Lego Ninjago Movie,"70,000,000","59,281,555","122,737,201"
"Oct 1, 2014",Dracula Untold,"70,000,000","55,991,880","220,241,723"
"Sep 29, 2006",The Guardian,"70,000,000","55,011,732","94,973,540"
"Aug 9, 1989",The Abyss,"70,000,000","54,243,125","54,243,441"
"Sep 24, 2010",Wall Street 2: Money Never Sleeps,"70,000,000","52,474,616","137,431,619"
"Jan 14, 2011",The Dilemma,"70,000,000","48,475,290","70,546,865"
"Dec 25, 2005",Rumor Has It,"70,000,000","42,996,140","88,933,562"
"Nov 6, 1998",The Siege,"70,000,000","40,934,175","116,625,798"
"Aug 10, 2007",Stardust,"70,000,000","38,634,938","137,022,245"
"Jun 13, 2012",Rock of Ages,"70,000,000","38,518,613","61,031,932"
"Jun 11, 2021",The Hitmanâs Wifeâs Bodyguard,"70,000,000","38,014,727","67,450,130"
"Oct 8, 1997",Seven Years in Tibet,"70,000,000","37,945,884","131,445,884"
"Sep 17, 2004",Sky Captain and the World of Tomorrow,"70,000,000","37,760,080","49,730,854"
"Sep 14, 2007",The Brave One,"70,000,000","36,793,804","69,792,704"
"Nov 1, 2002",I Spy,"70,000,000","33,561,137","60,279,822"
"Jun 7, 2002",Bad Company,"70,000,000","30,157,016","69,157,016"
"Oct 21, 2005",Doom,"70,000,000","28,212,337","58,757,178"
"Jan 27, 2016",The Finest Hours,"70,000,000","27,569,558","49,252,761"
"Oct 10, 2013",Escape Plan,"70,000,000","25,135,965","103,735,965"
"Sep 23, 2011",Killer Elite,"70,000,000","25,124,986","65,409,046"
"Jan 16, 1998",Hard Rain,"70,000,000","19,870,567","19,870,567"
"Feb 15, 2002",Hart's War,"70,000,000","19,076,815","33,076,815"
"Feb 8, 2002",Rollerball,"70,000,000","18,990,542","25,852,508"
"Jan 10, 2014",The Legend of Hercules,"70,000,000","18,848,538","58,953,319"
"Apr 27, 2007",Next,"70,000,000","18,211,013","73,591,500"
"Sep 20, 2002",Ballistic: Ecks vs. Sever,"70,000,000","14,294,842","14,294,842"
"Aug 10, 2001",Osmosis Jones,"70,000,000","13,596,911","13,596,911"
"May 9, 2014",Legends of Oz: Dorothyâs Return,"70,000,000","8,462,347","20,107,933"
"Jan 16, 2015",Blackhat,"70,000,000","8,005,980","19,665,004"
"Mar 31, 2006",Basic Instinct 2,"70,000,000","5,946,136","35,417,162"
"May 28, 2010",Agora,"70,000,000","619,423","38,992,292"
Unknown,b,"70,000,000",0,0
"Jul 9, 2010",Despicable Me,"69,000,000","251,513,985","543,464,573"
"Jul 30, 2010",Dinner for Schmucks,"69,000,000","73,026,337","86,796,502"
"Feb 28, 2018",Red Sparrow,"69,000,000","46,874,505","145,951,861"
"Jun 30, 2010",The Twilight Saga: Eclipse,"68,000,000","300,531,751","706,102,828"
"May 31, 2002",The Sum of All Fears,"68,000,000","118,471,320","193,500,000"
"Jun 25, 2015",Ted 2,"68,000,000","81,476,385","217,214,143"
"Jul 13, 2001",The Score,"68,000,000","71,069,884","113,542,091"
"Feb 25, 2011",Hall Pass,"68,000,000","45,060,734","87,173,475"
"Nov 22, 1995",Money Train,"68,000,000","35,324,232","77,224,232"
"Mar 21, 2003",Dreamcatcher,"68,000,000","33,685,268","75,685,268"
"Aug 6, 1999",Mystery Men,"68,000,000","29,762,011","33,462,011"
"Nov 5, 1999",The Insider,"68,000,000","28,965,197","60,265,197"
"Dec 22, 2017",Downsizing,"68,000,000","24,449,754","54,462,971"
"Aug 18, 2021",Reminiscence,"67,972,729","3,900,193","15,451,008"
"Mar 1, 2012",Dr. Seussâ The Lorax,"67,500,000","214,030,500","350,976,753"
"Oct 10, 2008",Body of Lies,"67,500,000","39,394,666","118,556,530"
"Jun 20, 2012",Abraham Lincoln: Vampire Hunter,"67,500,000","37,519,139","137,489,730"
"Aug 26, 2020",The New Mutants,"67,000,000","23,855,569","44,612,280"
"Sep 20, 1996",Last Man Standing,"67,000,000","18,115,927","18,149,997"
"Aug 17, 2007",The Last Legion,"67,000,000","5,932,060","25,357,771"
"Apr 30, 1999",Entrapment,"66,000,000","87,707,396","211,700,000"
"Jun 19, 1998",The X Files: Fight the Future,"66,000,000","83,898,313","189,176,423"
"Mar 13, 2014",Need for Speed,"66,000,000","43,568,507","194,169,619"
"Jul 24, 1998",Saving Private Ryan,"65,000,000","216,335,085","485,035,085"
"Dec 15, 2000",What Women Want,"65,000,000","182,805,123","374,105,123"
"Nov 9, 2012",Lincoln,"65,000,000","182,207,973","273,346,281"
"Mar 15, 2002",Ice Age,"65,000,000","176,387,405","386,116,343"
"Jun 30, 1995",Apollo 13,"65,000,000","173,772,767","335,802,271"
"Mar 31, 1999",The Matrix,"65,000,000","173,396,389","465,377,200"
"Jun 22, 2018",Hotel Transylvania 3: Summer Vacation,"65,000,000","167,500,092","527,103,195"
"Dec 19, 2012",Les MisÃ©rables,"65,000,000","148,809,770","438,420,442"
"Nov 1, 2002",The Santa Clause 2,"65,000,000","139,225,854","172,825,854"
"Jun 1, 1990",Total Recall,"65,000,000","119,394,839","261,399,830"
"Dec 18, 1998",Youâve Got Mail,"65,000,000","115,821,495","250,800,000"
"Dec 25, 2014",Unbroken,"65,000,000","115,637,895","163,527,824"
"May 21, 2015",Spy!,"65,000,000","110,825,712","232,585,748"
"Nov 5, 2010",Due Date,"65,000,000","100,539,043","211,739,043"
"Jul 25, 2008",Step Brothers,"65,000,000","100,468,793","128,107,642"
"Dec 15, 1995",Jumanji,"65,000,000","100,458,310","262,758,310"
"Jul 17, 1998",The Mask of Zorro,"65,000,000","93,828,745","233,700,000"
"Aug 4, 2000",Space Cowboys,"65,000,000","90,454,043","128,874,043"
"Dec 18, 2014",Annie,"65,000,000","85,911,262","139,829,625"
"May 28, 1993",Cliffhanger,"65,000,000","84,049,211","255,000,000"
"Aug 10, 2016",Peteâs Dragon,"65,000,000","76,233,151","137,768,975"
"Feb 9, 1996",Broken Arrow,"65,000,000","70,645,997","148,345,997"
"Aug 9, 2006",World Trade Center,"65,000,000","70,278,893","163,295,654"
"Jul 7, 2000",The Kid,"65,000,000","69,688,384","69,688,384"
"Dec 19, 2003",Mona Lisa Smile,"65,000,000","63,803,100","141,205,169"
"May 16, 2012",The Dictator,"65,000,000","59,650,222","180,148,897"
"Nov 25, 2020",The Croods: A New Age,"65,000,000","58,568,815","214,964,716"
"Jul 16, 1999",Eyes Wide Shut,"65,000,000","55,691,208","104,264,617"
"Feb 16, 2012",This Means War,"65,000,000","54,760,791","156,974,557"
"Feb 26, 2015",Focus,"65,000,000","53,862,963","168,065,700"
"Dec 8, 2004",Blade: Trinity,"65,000,000","52,397,389","131,353,165"
"Nov 21, 2012",Red Dawn,"65,000,000","44,806,783","48,164,150"
"Dec 22, 2006",We Are Marshall,"65,000,000","43,545,364","43,545,364"
"Aug 17, 2015",Everest,"65,000,000","43,482,270","221,297,061"
"Sep 12, 2012",Resident Evil: Retribution,"65,000,000","42,345,531","240,647,629"
"Aug 2, 2019",The Angry Birds Movie 2,"65,000,000","41,657,076","152,018,812"
"Mar 20, 1998",Primary Colors,"65,000,000","39,017,984","39,017,984"
"Oct 15, 1999",Fight Club,"65,000,000","37,030,102","100,820,947"
"Aug 22, 2008",Death Race,"65,000,000","36,316,032","72,516,819"
"Oct 11, 1996",The Long Kiss Goodnight,"65,000,000","33,447,612","33,447,612"
"Dec 8, 2000",Proof of Life,"65,000,000","32,598,931","62,761,005"
"Nov 11, 2005",Zathura,"65,000,000","28,045,540","58,545,540"
"Nov 26, 2003",The Missing,"65,000,000","26,900,336","38,253,433"
"Jan 14, 2005",Elektra,"65,000,000","24,409,722","56,824,633"
"Oct 23, 2009",Astro Boy,"65,000,000","19,551,067","41,636,243"
"Jan 24, 2014","I, Frankenstein","65,000,000","19,075,290","74,575,290"
"Nov 29, 2019",Underwater,"65,000,000","17,291,078","39,194,264"
"May 24, 1991",Hudson Hawk,"65,000,000","17,218,916","17,218,916"
"Aug 22, 2014",Sin City: A Dame to Kill For,"65,000,000","13,757,804","40,650,842"
"Dec 25, 2016",Live by Night,"65,000,000","10,378,555","21,774,432"
"Oct 27, 2000",Lucky Numbers,"65,000,000","10,014,234","10,014,234"
"Sep 23, 2005",Oliver Twist,"65,000,000","2,070,920","26,670,920"
"Feb 18, 2015",Tian jiang xiong shi,"65,000,000","74,070","122,519,874"
"Oct 26, 2018",Air Strike,"65,000,000",0,"516,279"
"Apr 24, 2020",Extraction,"65,000,000",0,0
"Jul 14, 2006",Little Man,"64,000,000","58,636,047","101,636,047"
"Oct 8, 1999",Random Hearts,"64,000,000","31,054,924","63,200,000"
"Dec 27, 2006",Perfume: The Story of a Murderer,"63,700,000","2,223,293","133,603,463"
"Jun 11, 1993",Jurassic Park,"63,000,000","402,523,348","1,045,573,035"
"Jul 25, 2002",Austin Powers in Goldmember,"63,000,000","213,117,789","296,338,663"
"Apr 1, 2011",Hop,"63,000,000","108,085,305","188,494,082"
"Sep 14, 2017",American Assassin,"63,000,000","36,249,674","68,310,140"
"Jun 24, 1994",Wyatt Earp,"63,000,000","25,052,000","25,052,000"
"Aug 3, 1994",Clear and Present Danger,"62,000,000","122,012,656","207,500,000"
"Apr 21, 2000",U-571,"62,000,000","77,086,030","127,630,030"
"Nov 17, 1995",The American President,"62,000,000","60,022,813","107,822,813"
"Dec 25, 2015",The Hateful Eight,"62,000,000","54,117,416","152,616,451"
"Jun 20, 2008",The Love Guru,"62,000,000","32,235,793","40,159,017"
"Feb 23, 2001",3000 Miles to Graceland,"62,000,000","15,738,632","18,708,848"
"Oct 3, 2014",Gone Girl,"61,000,000","167,767,189","367,160,781"
"May 26, 2021",A Quiet Place: Part II,"61,000,000","160,072,261","297,051,031"
"Mar 30, 2007",Blades of Glory,"61,000,000","118,594,548","145,594,548"
"Sep 9, 2015",Maze Runner: The Scorch Trials,"61,000,000","81,697,192","310,566,162"
"Aug 2, 2013",2 Guns,"61,000,000","75,612,460","132,493,015"
"Jan 17, 2018",Maze Runner: The Death Cure,"61,000,000","58,032,443","265,878,536"
"Jan 9, 2019",A Dogâs Way Home,"61,000,000","41,952,715","81,152,505"
"Feb 7, 2016",Mei Ren Yu,"60,720,000","3,229,457","525,018,479"
"Dec 22, 2004",Meet the Fockers,"60,000,000","279,167,575","516,567,575"
"Feb 6, 2014",The Lego Movie,"60,000,000","257,784,718","468,084,718"
"Mar 9, 2007",300,"60,000,000","210,614,939","454,161,935"
"Mar 2, 2007",Wild Hogs,"60,000,000","168,213,584","253,555,383"
"Dec 25, 2008",Marley & Me,"60,000,000","143,153,751","247,812,011"
"Dec 10, 1999",The Green Mile,"60,000,000","136,801,374","290,701,374"
"Jun 5, 1998",The Truman Show,"60,000,000","125,618,201","264,118,201"
"Sep 8, 2016",Sully,"60,000,000","125,070,033","238,524,556"
"Jun 14, 2002",The Bourne Identity,"60,000,000","121,468,960","214,357,371"
"Oct 8, 2009",Couples Retreat,"60,000,000","109,205,660","172,450,423"
"Nov 17, 1995",Goldeneye,"60,000,000","106,429,941","356,429,941"
"May 30, 2003",The Italian Job,"60,000,000","106,126,012","176,262,839"
"May 9, 2003",Daddy Day Care,"60,000,000","104,148,781","164,285,587"
"Jun 18, 1999",The General\'s Daughter,"60,000,000","102,705,852","149,705,852"
"Dec 18, 1998",The Prince of Egypt,"60,000,000","101,413,188","218,613,188"
"Aug 6, 2004",Collateral,"60,000,000","100,170,152","217,602,967"
"Jul 4, 2001",Cats & Dogs,"60,000,000","93,375,151","200,700,000"
"Dec 20, 2002",Two Weeks Notice,"60,000,000","93,354,918","199,043,309"
"Oct 2, 1998",Antz,"60,000,000","90,757,863","152,457,863"
"Apr 18, 2002",The Scorpion King,"60,000,000","90,580,000","165,890,634"
"Oct 15, 2010",Red,"60,000,000","90,380,162","196,439,693"
"Mar 5, 2004",Starsky & Hutch,"60,000,000","88,200,225","170,200,225"
"Jun 27, 1990",Days of Thunder,"60,000,000","82,670,733","157,670,733"
"Dec 21, 2005",Cheaper by the Dozen 2,"60,000,000","82,571,173","135,015,330"
"Aug 13, 2010",Eat Pray Love,"60,000,000","80,574,010","206,598,789"
"Dec 20, 2012",Jack Reacher,"60,000,000","80,070,736","217,370,736"
"Apr 23, 2004",Man on Fire,"60,000,000","77,906,816","130,968,579"
"Dec 22, 2000",The Family Man,"60,000,000","75,764,085","124,715,863"
"Sep 9, 2011",Contagion,"60,000,000","75,658,097","137,551,594"
"Dec 22, 1999",Any Given Sunday,"60,000,000","75,530,832","100,230,832"
"May 15, 1998",The Horse Whisperer,"60,000,000","75,383,563","186,883,563"
"Feb 6, 2009",Coraline,"60,000,000","75,286,229","126,037,057"
"Oct 1, 2004",Ladder 49,"60,000,000","74,541,707","102,332,848"
"Jul 28, 1999",Deep Blue Sea,"60,000,000","73,648,228","165,048,228"
"Oct 28, 2009",Michael Jackson's This Is It,"60,000,000","72,091,016","252,091,016"
"Jan 17, 2003",Kangaroo Jack,"60,000,000","66,723,216","90,558,582"
"Jun 13, 2008",The Happening,"60,000,000","64,506,874","162,778,384"
"Mar 2, 2016",London Has Fallen,"60,000,000","62,524,260","195,194,085"
"Apr 7, 2000",Rules of Engagement,"60,000,000","61,322,858","71,719,931"
"Mar 10, 2006",The Shaggy Dog,"60,000,000","61,123,569","87,123,569"
"Nov 22, 1996",Jingle All the Way,"60,000,000","60,592,389","129,832,389"
"Apr 2, 2004",Hellboy,"60,000,000","59,623,958","99,823,958"
"Oct 20, 2016",Jack Reacher: Never Go Back,"60,000,000","58,697,076","159,946,489"
"May 25, 2017",Baywatch,"60,000,000","58,060,186","175,863,783"
"Mar 6, 1998",U.S. Marshals,"60,000,000","57,833,603","57,833,603"
"Dec 25, 1998",A Civil Action,"60,000,000","56,709,981","56,709,981"
"Dec 24, 2015",Joy,"60,000,000","56,451,232","101,134,059"
"Aug 3, 2012",ParaNorman,"60,000,000","56,003,051","108,119,662"
"Nov 14, 1997",The Jackal,"60,000,000","54,956,941","159,356,941"
"Dec 25, 2003",Paycheck,"60,000,000","53,789,313","98,819,789"
"Mar 1, 1996",Up Close & Personal,"60,000,000","51,045,801","100,645,801"
"Dec 19, 2008",The Tale of Despereaux,"60,000,000","50,877,145","90,482,317"
"Sep 19, 2014",The Boxtrolls,"60,000,000","50,837,305","111,898,741"
"Aug 2, 2017",The Dark Tower,"60,000,000","50,701,325","113,461,527"
"Sep 27, 2002",The Tuxedo,"60,000,000","50,586,000","104,429,625"
"Jan 17, 2014",Jack Ryan: Shadow Recruit,"60,000,000","50,577,412","131,377,412"
"Jul 14, 1995",Under Siege 2: Dark Territory,"60,000,000","50,024,083","104,324,083"
"Mar 24, 2005",Miss Congeniality 2: Armed and Fabulous,"60,000,000","48,478,006","101,292,343"
"Dec 21, 2018",Vice,"60,000,000","47,836,282","70,893,782"
"Nov 26, 1997",Alien: Resurrection,"60,000,000","47,795,018","160,700,000"
"Mar 23, 2007",Shooter,"60,000,000","47,003,582","95,538,560"
"Oct 16, 1998",Practical Magic,"60,000,000","46,850,558","68,336,997"
"Jan 9, 2013",Gangster Squad,"60,000,000","46,000,903","104,100,903"
"Mar 24, 2017",Smurfs: The Lost Village,"60,000,000","45,020,282","197,578,586"
"Oct 10, 2018",First Man,"60,000,000","44,936,545","105,703,325"
"Jun 19, 2009",Year One,"60,000,000","43,337,279","57,604,723"
"Jan 29, 2010",Edge of Darkness,"60,000,000","43,313,890","82,812,456"
"Dec 13, 2002",Star Trek: Nemesis,"60,000,000","43,254,409","67,312,826"
"Feb 19, 2002",Reign of Fire,"60,000,000","43,061,982","82,150,183"
"Nov 20, 2009",Planet 51,"60,000,000","42,194,060","108,996,113"
"Mar 20, 2009",Duplicity,"60,000,000","40,572,825","81,079,566"
"Sep 12, 2008",Righteous Kill,"60,000,000","40,081,410","78,481,410"
"Dec 11, 2009",Invictus,"60,000,000","37,491,364","124,514,011"
"Apr 17, 2009",State of Play,"60,000,000","37,017,955","88,832,210"
"Feb 12, 1999",My Favorite Martian,"60,000,000","36,850,101","36,850,101"
"Apr 21, 2006",The Sentinel,"60,000,000","36,280,697","78,080,697"
"Sep 21, 2012",Trouble with the Curve,"60,000,000","35,763,137","47,818,913"
"Oct 10, 2003",Intolerable Cruelty,"60,000,000","35,327,628","121,327,628"
"Jan 10, 1997",The Relic,"60,000,000","33,956,608","33,956,608"
"Apr 3, 1998",Mercury Rising,"60,000,000","32,983,332","32,983,332"
"Sep 15, 2000",Almost Famous,"60,000,000","32,522,352","47,371,191"
"Feb 7, 2019",Cold Pursuit,"60,000,000","32,138,862","62,599,159"
"Dec 6, 2002",Analyze That,"60,000,000","32,122,249","54,994,757"
"Apr 24, 2009",The Soloist,"60,000,000","31,853,584","38,522,450"
"Aug 21, 2013",The Mortal Instruments: City of Bones,"60,000,000","31,165,421","75,965,567"
"Nov 3, 2000",The Legend of Bagger Vance,"60,000,000","30,695,227","39,235,486"
"Feb 22, 2002",Dragonfly,"60,000,000","30,063,805","30,317,425"
"May 13, 2011",Priest,"60,000,000","29,136,626","84,154,026"
"Jun 16, 2006",Garfield: A Tail of Two Kitties,"60,000,000","28,426,747","147,985,373"
"Apr 29, 2005",XXX: State of the Union,"60,000,000","26,873,932","71,073,932"
"Aug 15, 1997",Event Horizon,"60,000,000","26,673,242","26,673,953"
"Jul 2, 2003",Sinbad: Legend of the Seven Seas,"60,000,000","26,483,452","80,767,884"
"Jul 8, 2005",Dark Water,"60,000,000","25,473,093","49,473,093"
"Aug 14, 1998",The Avengers,"60,000,000","23,385,416","48,585,416"
"Sep 15, 2006",The Black Dahlia,"60,000,000","22,672,813","49,238,525"
"Mar 26, 1999",EDtv,"60,000,000","22,508,689","35,319,689"
"Dec 25, 2008",The Spirit,"60,000,000","19,806,188","39,006,188"
"Oct 19, 2001",The Last Castle,"60,000,000","18,208,078","20,541,668"
"Jan 23, 2009",Inkheart,"60,000,000","17,303,424","66,655,938"
"Feb 18, 2020",Monster Hunter,"60,000,000","15,104,790","44,400,541"
"Jan 14, 2000",Supernova,"60,000,000","14,218,868","14,816,494"
